Product,date,Sales,Price Discount (%),In-Store Promo,Catalogue Promo,Store End Promo,Google_Mobility,Covid_Flag,V_DAY,EASTER,CHRISTMAS
SKU1,05/02/17,27750,0%,0,0,0,0,0,0,0,0
SKU1,12/02/17,29023,0%,1,0,1,0,0,1,0,0
SKU1,19/02/17,45630,17%,0,0,0,0,0,0,0,0
SKU1,26/02/17,26789,0%,1,0,1,0,0,0,0,0
SKU1,05/03/17,41999,17%,0,0,0,0,0,0,0,0
SKU1,12/03/17,29731,0%,0,0,0,0,0,0,0,0
SKU1,19/03/17,27365,0%,1,0,0,0,0,0,0,0
SKU1,26/03/17,27722,0%,1,0,1,0,0,0,0,0
SKU1,02/04/17,44339,17%,1,0,0,0,0,0,0,0
SKU1,09/04/17,54655,17%,1,0,0,0,0,0,1,0
SKU1,16/04/17,108159,44%,0,0,0,0,0,0,0,0
SKU1,23/04/17,30361,0%,1,0,1,0,0,0,0,0
SKU1,30/04/17,42154,17%,1,0,1,0,0,0,0,0
SKU1,07/05/17,39782,17%,0,0,0,0,0,0,0,0
SKU1,14/05/17,29490,0%,0,0,0,0,0,0,0,0
SKU1,21/05/17,25936,0%,0,0,0,0,0,0,0,0
SKU1,28/05/17,26045,0%,0,0,0,0,0,0,0,0
SKU1,04/06/17,25903,0%,1,0,1,0,0,0,0,0
SKU1,11/06/17,43689,17%,0,0,0,0,0,0,0,0
SKU1,18/06/17,25446,0%,1,0,1,0,0,0,0,0
SKU1,25/06/17,42543,17%,0,0,0,0,0,0,0,0
SKU1,02/07/17,27001,0%,1,0,1,0,0,0,0,0
SKU1,09/07/17,45198,17%,0,0,0,0,0,0,0,0
SKU1,16/07/17,28650,0%,1,0,1,0,0,0,0,0
SKU1,23/07/17,42032,17%,0,0,0,0,0,0,0,0
SKU1,30/07/17,27657,0%,0,0,0,0,0,0,0,0
SKU1,06/08/17,26888,0%,1,0,1,0,0,0,0,0
SKU1,13/08/17,46260,17%,0,0,0,0,0,0,0,0
SKU1,20/08/17,29415,0%,1,0,1,0,0,0,0,0
SKU1,27/08/17,50471,17%,1,0,1,0,0,0,0,0
SKU1,03/09/17,49531,17%,0,0,0,0,0,0,0,0
SKU1,10/09/17,30874,0%,0,1,1,0,0,0,0,0
SKU1,17/09/17,82940,44%,0,0,0,0,0,0,0,0
SKU1,24/09/17,34481,0%,1,0,1,0,0,0,0,0
SKU1,01/10/17,96610,44%,0,0,0,0,0,0,0,0
SKU1,08/10/17,31898,0%,0,0,0,0,0,0,0,0
SKU1,15/10/17,33967,0%,0,0,0,0,0,0,0,0
SKU1,22/10/17,33429,0%,0,0,0,0,0,0,0,0
SKU1,29/10/17,34918,0%,1,0,0,0,0,0,0,0
SKU1,05/11/17,104775,44%,1,0,0,0,0,0,0,0
SKU1,12/11/17,57417,17%,1,0,0,0,0,0,0,0
SKU1,19/11/17,60631,17%,1,0,0,0,0,0,0,0
SKU1,26/11/17,64904,17%,1,0,0,0,0,0,0,0
SKU1,03/12/17,66333,17%,1,0,0,0,0,0,0,1
SKU1,10/12/17,71917,17%,1,0,0,0,0,0,0,0
SKU1,17/12/17,94633,17%,1,0,0,0,0,0,0,0
SKU1,24/12/17,155253,17%,1,0,0,0,0,0,0,0
SKU1,31/12/17,89706,17%,0,0,0,0,0,0,0,0
SKU1,07/01/18,41941,0%,0,0,0,0,0,0,0,0
SKU1,14/01/18,37845,0%,0,0,0,0,0,0,0,0
SKU1,21/01/18,43324,6%,1,0,1,0,0,0,0,0
SKU1,28/01/18,65691,17%,0,0,0,0,0,0,0,0
SKU1,04/02/18,35016,0%,0,0,0,0,0,0,0,0
SKU1,11/02/18,33604,0%,1,0,1,0,0,1,0,0
SKU1,18/02/18,55216,17%,0,0,0,0,0,0,0,0
SKU1,25/02/18,33908,0%,1,0,1,0,0,0,0,0
SKU1,04/03/18,51305,17%,0,1,0,0,0,0,0,0
SKU1,11/03/18,91870,44%,1,0,0,0,0,0,0,0
SKU1,18/03/18,51438,17%,1,0,0,0,0,0,0,0
SKU1,25/03/18,54925,17%,1,0,0,0,0,0,0,0
SKU1,01/04/18,79050,17%,0,0,0,0,0,0,0,0
SKU1,08/04/18,35136,0%,0,0,0,0,0,0,1,0
SKU1,15/04/18,34800,0%,1,0,1,0,0,0,0,0
SKU1,22/04/18,56351,17%,0,0,0,0,0,0,0,0
SKU1,29/04/18,34225,0%,1,0,1,0,0,0,0,0
SKU1,06/05/18,49036,17%,1,0,1,0,0,0,0,0
SKU1,13/05/18,52964,17%,0,0,0,0,0,0,0,0
SKU1,20/05/18,34526,0%,0,0,0,0,0,0,0,0
SKU1,27/05/18,33308,0%,1,0,1,0,0,0,0,0
SKU1,03/06/18,49314,17%,0,1,1,0,0,0,0,0
SKU1,10/06/18,84075,44%,0,0,0,0,0,0,0,0
SKU1,17/06/18,32223,0%,0,0,0,0,0,0,0,0
SKU1,24/06/18,32463,0%,1,0,1,0,0,0,0,0
SKU1,01/07/18,51818,17%,0,0,0,0,0,0,0,0
SKU1,08/07/18,35597,0%,0,0,0,0,0,0,0,0
SKU1,15/07/18,35354,0%,0,0,0,0,0,0,0,0
SKU1,22/07/18,35191,0%,0,0,0,0,0,0,0,0
SKU1,29/07/18,33057,0%,0,0,0,0,0,0,0,0
SKU1,05/08/18,32373,0%,0,0,0,0,0,0,0,0
SKU1,12/08/18,31850,0%,0,0,0,0,0,0,0,0
SKU1,19/08/18,31772,0%,0,0,0,0,0,0,0,0
SKU1,26/08/18,29976,0%,1,0,0,0,0,0,0,0
SKU1,02/09/18,52126,17%,1,0,0,0,0,0,0,0
SKU1,09/09/18,48279,17%,0,1,0,0,0,0,0,0
SKU1,16/09/18,86576,44%,1,0,0,0,0,0,0,0
SKU1,23/09/18,49548,17%,1,0,0,0,0,0,0,0
SKU1,30/09/18,67966,17%,0,0,0,0,0,0,0,0
SKU1,07/10/18,33433,0%,0,0,0,0,0,0,0,0
SKU1,14/10/18,31482,0%,0,0,0,0,0,0,0,0
SKU1,21/10/18,32196,0%,0,0,0,0,0,0,0,0
SKU1,28/10/18,32717,0%,0,1,1,0,0,0,0,0
SKU1,04/11/18,97972,44%,1,0,1,0,0,0,0,0
SKU1,11/11/18,51495,17%,1,0,1,0,0,0,0,0
SKU1,18/11/18,52048,17%,0,1,1,0,0,0,0,0
SKU1,25/11/18,52532,17%,1,0,1,0,0,0,0,0
SKU1,02/12/18,59037,17%,0,1,1,0,0,0,0,1
SKU1,09/12/18,109917,44%,0,1,1,0,0,0,0,0
SKU1,16/12/18,80431,28%,0,1,1,0,0,0,0,0
SKU1,23/12/18,174994,28%,1,0,1,0,0,0,0,0
SKU1,30/12/18,96211,28%,0,0,0,0,0,0,0,0
SKU1,06/01/19,40420,0%,0,0,0,0,0,0,0,0
SKU1,13/01/19,34603,0%,1,0,1,0,0,0,0,0
SKU1,20/01/19,48759,17%,1,0,1,0,0,0,0,0
SKU1,27/01/19,58215,17%,0,0,0,0,0,0,0,0
SKU1,03/02/19,30561,0%,0,0,0,0,0,0,0,0
SKU1,10/02/19,29867,0%,1,0,1,0,0,1,0,0
SKU1,17/02/19,48001,17%,0,0,0,0,0,0,0,0
SKU1,24/02/19,30016,0%,0,0,0,0,0,0,0,0
SKU1,03/03/19,30502,0%,0,0,0,0,0,0,0,0
SKU1,10/03/19,32103,0%,0,0,0,0,0,0,0,0
SKU1,17/03/19,29664,0%,0,0,0,0,0,0,0,0
SKU1,24/03/19,28997,0%,1,0,0,0,0,0,0,0
SKU1,31/03/19,52930,17%,1,0,0,0,0,0,0,0
SKU1,07/04/19,55859,17%,1,0,0,0,0,0,1,0
SKU1,14/04/19,59375,17%,0,1,0,0,0,0,0,0
SKU1,21/04/19,119393,44%,0,0,0,0,0,0,0,0
SKU1,28/04/19,31741,0%,1,0,1,0,0,0,0,0
SKU1,05/05/19,43820,17%,1,0,1,0,0,0,0,0
SKU1,12/05/19,46628,17%,0,0,0,0,0,0,0,0
SKU1,19/05/19,28457,0%,1,0,1,0,0,0,0,0
SKU1,26/05/19,40402,17%,0,0,0,0,0,0,0,0
SKU1,02/06/19,28521,0%,0,1,0,0,0,0,0,0
SKU1,09/06/19,85108,44%,1,0,1,0,0,0,0,0
SKU1,16/06/19,44596,17%,0,0,0,0,0,0,0,0
SKU1,23/06/19,30099,0%,1,0,1,0,0,0,0,0
SKU1,30/06/19,46193,17%,0,0,0,0,0,0,0,0
SKU1,07/07/19,31093,0%,0,0,0,0,0,0,0,0
SKU1,14/07/19,31099,0%,0,0,0,0,0,0,0,0
SKU1,21/07/19,31866,0%,0,0,0,0,0,0,0,0
SKU1,28/07/19,31386,0%,0,0,0,0,0,0,0,0
SKU1,04/08/19,29985,0%,0,0,0,0,0,0,0,0
SKU1,11/08/19,31628,0%,0,0,0,0,0,0,0,0
SKU1,18/08/19,33665,0%,0,0,0,0,0,0,0,0
SKU1,25/08/19,34550,0%,0,0,0,0,0,0,0,0
SKU1,01/09/19,36320,0%,1,0,0,0,0,0,0,0
SKU1,08/09/19,55431,17%,1,0,0,0,0,0,0,0
SKU1,15/09/19,57446,17%,0,1,0,0,0,0,0,0
SKU1,22/09/19,58872,17%,1,0,0,0,0,0,0,0
SKU1,29/09/19,69480,17%,0,1,0,0,0,0,0,0
SKU1,06/10/19,106885,44%,0,0,0,0,0,0,0,0
SKU1,13/10/19,36072,0%,0,0,0,0,0,0,0,0
SKU1,20/10/19,37454,0%,0,0,0,0,0,0,0,0
SKU1,27/10/19,37663,0%,1,0,1,0,0,0,0,0
SKU1,03/11/19,60365,17%,1,0,0,0,0,0,0,0
SKU1,10/11/19,67770,17%,1,0,0,0,0,0,0,0
SKU1,17/11/19,70327,17%,1,0,0,0,0,0,0,0
SKU1,24/11/19,72587,17%,1,0,0,0,0,0,0,0
SKU1,01/12/19,73956,17%,0,1,0,0,0,0,0,1
SKU1,08/12/19,82558,17%,1,0,0,0,0,0,0,0
SKU1,15/12/19,85762,17%,0,1,0,0,0,0,0,0
SKU1,22/12/19,258874,44%,0,1,1,0,0,0,0,0
SKU1,29/12/19,124261,44%,0,1,1,0,0,0,0,0
SKU1,05/01/20,41141,13%,1,0,0,0,0,0,0,0
SKU1,12/01/20,34303,4%,1,0,0,0,0,0,0,0
SKU1,19/01/20,47058,17%,1,0,0,0,0,0,0,0
SKU1,26/01/20,58185,17%,0,0,0,0,0,0,0,0
SKU1,02/02/20,30020,1%,0,0,0,0,0,0,0,0
SKU1,09/02/20,29239,1%,1,0,1,2.36,1,0,0,0
SKU1,16/02/20,45572,17%,0,0,0,3.3,1,1,0,0
SKU1,23/02/20,29275,1%,0,0,0,3.9,1,0,0,0
SKU1,01/03/20,35684,1%,0,0,0,3.81,1,0,0,0
SKU1,08/03/20,36955,1%,0,0,0,3.01,1,0,0,0
SKU1,15/03/20,56886,1%,0,0,0,0.26,1,0,0,0
SKU1,22/03/20,77842,0%,0,0,0,-15.7,1,0,0,0
SKU1,29/03/20,43707,1%,0,0,0,-26.63,1,0,0,0
SKU1,05/04/20,39473,1%,0,1,0,-28.49,1,0,0,0
SKU1,12/04/20,64685,17%,0,0,0,-27.3,1,0,1,0
SKU1,19/04/20,39290,2%,1,0,1,-24.28,1,0,0,0
SKU1,26/04/20,46829,17%,0,0,0,-22.58,1,0,0,0
SKU1,03/05/20,29536,1%,0,0,0,-18.18,1,0,0,0
SKU1,10/05/20,31836,1%,0,0,0,-15.91,1,0,0,0
SKU1,17/05/20,31406,1%,0,0,0,-15.27,1,0,0,0
SKU1,24/05/20,71971,45%,0,0,0,-13.24,1,0,0,0
SKU1,31/05/20,29177,3%,0,0,0,-10.86,1,0,0,0
SKU1,07/06/20,30877,1%,0,0,0,-10.13,1,0,0,0
SKU1,14/06/20,26244,1%,0,0,0,-8.68,1,0,0,0
SKU1,21/06/20,25445,1%,0,0,0,-8.57,1,0,0,0
SKU1,28/06/20,26410,1%,0,0,0,-7.5,1,0,0,0
SKU1,05/07/20,26925,1%,0,0,0,-8.04,1,0,0,0
SKU1,12/07/20,26973,1%,0,0,0,-9.36,1,0,0,0
SKU1,19/07/20,25749,1%,0,0,0,-8.77,1,0,0,0
SKU1,26/07/20,23891,1%,0,0,0,-9.93,1,0,0,0
SKU1,02/08/20,25792,1%,0,0,0,-11.65,1,0,0,0
SKU1,09/08/20,24543,1%,0,0,0,-13.23,1,0,0,0
SKU1,16/08/20,23744,1%,0,0,0,-20.35,1,0,0,0
SKU1,23/08/20,23606,1%,0,0,0,-19.41,1,0,0,0
SKU1,30/08/20,24346,1%,1,0,0,-18.83,1,0,0,0
SKU1,06/09/20,51946,17%,1,0,0,-16.44,1,0,0,0
SKU1,13/09/20,83565,44%,1,0,0,-7.28,1,0,0,0
SKU1,20/09/20,50780,18%,1,0,0,-9.87,1,0,0,0
SKU1,27/09/20,50644,17%,1,0,0,-7.79,1,0,0,0
SKU1,04/10/20,55980,17%,1,0,0,-9.73,1,0,0,0
SKU1,11/10/20,44587,17%,1,0,0,-7.39,1,0,0,0
SKU1,18/10/20,43976,17%,1,0,0,-7.56,1,0,0,0
SKU1,25/10/20,49593,17%,0,0,0,-8.39,1,0,0,0
SKU1,01/11/20,33267,1%,1,0,1,-7.43,1,0,0,0
SKU1,08/11/20,50159,17%,1,0,1,-5.95,1,0,0,0
SKU1,15/11/20,51369,17%,1,0,1,-7.2,1,0,0,0
SKU1,22/11/20,0,12%,1,0,1,-5.96,1,0,0,0
SKU1,29/11/20,0,16%,1,0,1,-5.3,1,0,0,0
SKU1,06/12/20,0,15%,1,0,1,-4.38,1,0,0,0
SKU1,13/12/20,0,14%,1,0,1,-4.74,1,0,0,0
SKU1,20/12/20,0,15%,1,0,1,-10.27,1,0,0,1
SKU1,27/12/20,0,15%,1,0,0,-6.95,1,0,0,0
SKU2,05/02/17,7180,25%,1,0,0,0,0,0,0,0
SKU2,12/02/17,7080,25%,0,0,0,0,0,1,0,0
SKU2,19/02/17,2753,0%,0,0,0,0,0,0,0,0
SKU2,26/02/17,3062,0%,1,0,0,0,0,0,0,0
SKU2,05/03/17,8342,25%,0,0,0,0,0,0,0,0
SKU2,12/03/17,3124,0%,0,1,0,0,0,0,0,0
SKU2,19/03/17,41915,50%,0,0,0,0,0,0,0,0
SKU2,26/03/17,3226,3%,1,0,0,0,0,0,0,0
SKU2,02/04/17,7618,25%,0,0,0,0,0,0,0,0
SKU2,09/04/17,3084,3%,0,0,0,0,0,0,1,0
SKU2,16/04/17,2463,0%,1,0,0,0,0,0,0,0
SKU2,23/04/17,6547,25%,0,1,0,0,0,0,0,0
SKU2,30/04/17,8290,25%,0,0,0,0,0,0,0,0
SKU2,07/05/17,3390,0%,0,0,0,0,0,0,0,0
SKU2,14/05/17,3450,0%,0,1,0,0,0,0,0,0
SKU2,21/05/17,52122,50%,1,0,0,0,0,0,0,0
SKU2,28/05/17,7256,28%,0,0,0,0,0,0,0,0
SKU2,04/06/17,3081,0%,0,1,1,0,0,0,0,0
SKU2,11/06/17,8604,25%,0,0,0,0,0,0,0,0
SKU2,18/06/17,3232,0%,0,1,0,0,0,0,0,0
SKU2,25/06/17,33566,50%,0,0,0,0,0,0,0,0
SKU2,02/07/17,3232,5%,0,0,0,0,0,0,0,0
SKU2,09/07/17,2560,0%,1,0,0,0,0,0,0,0
SKU2,16/07/17,8489,25%,0,0,0,0,0,0,0,0
SKU2,23/07/17,2990,0%,0,1,0,0,0,0,0,0
SKU2,30/07/17,7956,25%,0,0,0,0,0,0,0,0
SKU2,06/08/17,3071,0%,0,0,0,0,0,0,0,0
SKU2,13/08/17,3098,0%,0,0,0,0,0,0,0,0
SKU2,20/08/17,3078,0%,1,0,0,0,0,0,0,0
SKU2,27/08/17,8376,25%,0,0,0,0,0,0,0,0
SKU2,03/09/17,2626,0%,0,0,0,0,0,0,0,0
SKU2,10/09/17,2617,0%,0,0,0,0,0,0,0,0
SKU2,17/09/17,2572,0%,1,0,0,0,0,0,0,0
SKU2,24/09/17,6877,25%,0,0,0,0,0,0,0,0
SKU2,01/10/17,2242,0%,1,0,0,0,0,0,0,0
SKU2,08/10/17,7041,25%,0,0,0,0,0,0,0,0
SKU2,15/10/17,2523,3%,1,0,0,0,0,0,0,0
SKU2,22/10/17,6905,25%,0,1,1,0,0,0,0,0
SKU2,29/10/17,40527,50%,0,0,0,0,0,0,0,0
SKU2,05/11/17,2636,3%,1,0,0,0,0,0,0,0
SKU2,12/11/17,6184,25%,0,0,0,0,0,0,0,0
SKU2,19/11/17,2521,0%,0,0,0,0,0,0,0,0
SKU2,26/11/17,2380,0%,1,0,0,0,0,0,0,0
SKU2,03/12/17,6270,25%,1,0,0,0,0,0,0,1
SKU2,10/12/17,5278,25%,0,0,0,0,0,0,0,0
SKU2,17/12/17,2007,3%,0,0,0,0,0,0,0,0
SKU2,24/12/17,1453,0%,1,0,0,0,0,0,0,0
SKU2,31/12/17,4940,25%,0,0,0,0,0,0,0,0
SKU2,07/01/18,2156,3%,0,0,0,0,0,0,0,0
SKU2,14/01/18,2305,3%,0,1,0,0,0,0,0,0
SKU2,21/01/18,6406,25%,0,0,0,0,0,0,0,0
SKU2,28/01/18,2267,0%,0,0,0,0,0,0,0,0
SKU2,04/02/18,2583,0%,0,1,1,0,0,0,0,0
SKU2,11/02/18,32549,50%,1,0,0,0,0,1,0,0
SKU2,18/02/18,6613,28%,0,0,0,0,0,0,0,0
SKU2,25/02/18,2620,0%,0,0,0,0,0,0,0,0
SKU2,04/03/18,2805,0%,0,0,0,0,0,0,0,0
SKU2,11/03/18,3069,0%,1,0,0,0,0,0,0,0
SKU2,18/03/18,8464,25%,0,0,0,0,0,0,0,0
SKU2,25/03/18,3318,0%,0,0,0,0,0,0,0,0
SKU2,01/04/18,2651,0%,0,1,0,0,0,0,0,0
SKU2,08/04/18,17970,50%,1,0,0,0,0,0,1,0
SKU2,15/04/18,7697,25%,0,0,0,0,0,0,0,0
SKU2,22/04/18,2867,0%,0,1,0,0,0,0,0,0
SKU2,29/04/18,6534,25%,0,0,0,0,0,0,0,0
SKU2,06/05/18,3679,3%,0,1,0,0,0,0,0,0
SKU2,13/05/18,41316,50%,1,0,0,0,0,0,0,0
SKU2,20/05/18,8430,28%,0,1,0,0,0,0,0,0
SKU2,27/05/18,8539,25%,0,1,1,0,0,0,0,0
SKU2,03/06/18,8834,25%,0,0,0,0,0,0,0,0
SKU2,10/06/18,2930,0%,0,0,0,0,0,0,0,0
SKU2,17/06/18,3420,0%,0,1,1,0,0,0,0,0
SKU2,24/06/18,42002,50%,1,0,0,0,0,0,0,0
SKU2,01/07/18,8320,25%,0,0,0,0,0,0,0,0
SKU2,08/07/18,3387,0%,1,0,0,0,0,0,0,0
SKU2,15/07/18,9878,25%,0,0,0,0,0,0,0,0
SKU2,22/07/18,3468,0%,1,0,0,0,0,0,0,0
SKU2,29/07/18,9613,25%,0,0,0,0,0,0,0,0
SKU2,05/08/18,3901,0%,1,0,0,0,0,0,0,0
SKU2,12/08/18,8664,25%,0,0,0,0,0,0,0,0
SKU2,19/08/18,3395,0%,1,0,0,0,0,0,0,0
SKU2,26/08/18,9024,25%,0,0,0,0,0,0,0,0
SKU2,02/09/18,3725,3%,0,0,0,0,0,0,0,0
SKU2,09/09/18,3139,3%,0,0,0,0,0,0,0,0
SKU2,16/09/18,3126,0%,1,0,0,0,0,0,0,0
SKU2,23/09/18,9301,25%,0,0,0,0,0,0,0,0
SKU2,30/09/18,3053,3%,0,1,0,0,0,0,0,0
SKU2,07/10/18,32900,50%,1,0,0,0,0,0,0,0
SKU2,14/10/18,7386,25%,0,0,0,0,0,0,0,0
SKU2,21/10/18,2990,0%,0,0,0,0,0,0,0,0
SKU2,28/10/18,3269,0%,0,0,0,0,0,0,0,0
SKU2,04/11/18,3304,0%,0,0,0,0,0,0,0,0
SKU2,11/11/18,2825,0%,1,0,0,0,0,0,0,0
SKU2,18/11/18,7680,25%,0,0,0,0,0,0,0,0
SKU2,25/11/18,2747,3%,0,0,0,0,0,0,0,0
SKU2,02/12/18,2781,0%,1,0,0,0,0,0,0,1
SKU2,09/12/18,7022,25%,0,0,0,0,0,0,0,0
SKU2,16/12/18,2609,0%,0,0,0,0,0,0,0,0
SKU2,23/12/18,1976,3%,0,0,0,0,0,0,0,0
SKU2,30/12/18,2027,0%,0,0,0,0,0,0,0,0
SKU2,06/01/19,2642,0%,0,0,0,0,0,0,0,0
SKU2,13/01/19,2808,0%,0,1,0,0,0,0,0,0
SKU2,20/01/19,8978,25%,1,0,0,0,0,0,0,0
SKU2,27/01/19,6950,25%,0,0,0,0,0,0,0,0
SKU2,03/02/19,3019,0%,0,0,0,0,0,0,0,0
SKU2,10/02/19,2837,0%,0,0,0,0,0,1,0,0
SKU2,17/02/19,3055,0%,0,1,0,0,0,0,0,0
SKU2,24/02/19,23327,50%,1,0,0,0,0,0,0,0
SKU2,03/03/19,7084,25%,1,0,0,0,0,0,0,0
SKU2,10/03/19,6714,25%,0,0,0,0,0,0,0,0
SKU2,17/03/19,2744,0%,0,0,0,0,0,0,0,0
SKU2,24/03/19,2900,0%,0,1,0,0,0,0,0,0
SKU2,31/03/19,7817,25%,0,0,0,0,0,0,0,0
SKU2,07/04/19,2749,3%,1,0,0,0,0,0,1,0
SKU2,14/04/19,10895,25%,0,0,0,0,0,0,0,0
SKU2,21/04/19,2178,0%,1,0,0,0,0,0,0,0
SKU2,28/04/19,6349,25%,0,0,0,0,0,0,0,0
SKU2,05/05/19,2628,0%,0,1,0,0,0,0,0,0
SKU2,12/05/19,36674,50%,1,0,0,0,0,0,0,0
SKU2,19/05/19,6838,28%,0,0,0,0,0,0,0,0
SKU2,26/05/19,2598,0%,0,1,0,0,0,0,0,0
SKU2,02/06/19,6743,25%,0,0,0,0,0,0,0,0
SKU2,09/06/19,2423,0%,0,0,0,0,0,0,0,0
SKU2,16/06/19,2779,0%,0,1,0,0,0,0,0,0
SKU2,23/06/19,37065,50%,1,0,0,0,0,0,0,0
SKU2,30/06/19,5908,28%,0,0,0,0,0,0,0,0
SKU2,07/07/19,2349,0%,0,0,0,0,0,0,0,0
SKU2,14/07/19,2569,0%,1,0,0,0,0,0,0,0
SKU2,21/07/19,7718,25%,0,0,0,0,0,0,0,0
SKU2,28/07/19,2867,0%,1,0,0,0,0,0,0,0
SKU2,04/08/19,8486,25%,0,0,0,0,0,0,0,0
SKU2,11/08/19,3004,0%,1,0,1,0,0,0,0,0
SKU2,18/08/19,9897,25%,0,0,0,0,0,0,0,0
SKU2,25/08/19,2580,0%,0,0,0,0,0,0,0,0
SKU2,01/09/19,2743,0%,1,0,0,0,0,0,0,0
SKU2,08/09/19,7933,25%,1,0,0,0,0,0,0,0
SKU2,15/09/19,2748,3%,1,0,0,0,0,0,0,0
SKU2,22/09/19,7533,25%,1,0,0,0,0,0,0,0
SKU2,29/09/19,6829,25%,1,0,0,0,0,0,0,0
SKU2,06/10/19,2461,0%,0,1,1,0,0,0,0,0
SKU2,13/10/19,40111,50%,1,0,0,0,0,0,0,0
SKU2,20/10/19,7766,25%,1,0,0,0,0,0,0,0
SKU2,27/10/19,7209,25%,0,0,0,0,0,0,0,0
SKU2,03/11/19,2585,0%,0,0,0,0,0,0,0,0
SKU2,10/11/19,2907,0%,0,0,0,0,0,0,0,0
SKU2,17/11/19,3026,0%,0,1,1,0,0,0,0,0
SKU2,24/11/19,39870,50%,1,0,0,0,0,0,0,0
SKU2,01/12/19,7690,25%,1,0,0,0,0,0,0,1
SKU2,08/12/19,7215,25%,0,0,0,0,0,0,0,0
SKU2,15/12/19,2339,3%,0,0,0,0,0,0,0,0
SKU2,22/12/19,2178,0%,0,0,0,0,0,0,0,0
SKU2,29/12/19,1714,0%,0,0,0,0,0,0,0,0
SKU2,05/01/20,2506,1%,0,0,0,0,0,0,0,0
SKU2,12/01/20,2870,1%,1,0,0,0,0,0,0,0
SKU2,19/01/20,7374,25%,0,1,0,0,0,0,0,0
SKU2,26/01/20,30409,50%,1,0,0,0,0,0,0,0
SKU2,02/02/20,5152,15%,1,0,0,0,0,0,0,0
SKU2,09/02/20,6993,25%,0,0,0,2.36,1,0,0,0
SKU2,16/02/20,2857,1%,1,0,0,3.3,1,1,0,0
SKU2,23/02/20,9823,26%,1,0,0,3.9,1,0,0,0
SKU2,01/03/20,9807,26%,0,0,0,3.81,1,0,0,0
SKU2,08/03/20,3759,1%,0,0,0,3.01,1,0,0,0
SKU2,15/03/20,5999,1%,0,0,0,0.26,1,0,0,0
SKU2,22/03/20,5403,0%,0,0,0,-15.7,1,0,0,0
SKU2,29/03/20,4258,1%,0,0,0,-26.63,1,0,0,0
SKU2,05/04/20,3719,1%,0,0,0,-28.49,1,0,0,0
SKU2,12/04/20,2914,1%,0,0,0,-27.3,1,0,1,0
SKU2,19/04/20,3275,1%,0,0,0,-24.28,1,0,0,0
SKU2,26/04/20,3251,1%,0,0,0,-22.58,1,0,0,0
SKU2,03/05/20,3189,1%,0,0,0,-18.18,1,0,0,0
SKU2,10/05/20,3298,1%,0,0,0,-15.91,1,0,0,0
SKU2,17/05/20,3411,1%,0,0,0,-15.27,1,0,0,0
SKU2,24/05/20,3424,1%,0,0,0,-13.24,1,0,0,0
SKU2,31/05/20,3416,1%,0,0,0,-10.86,1,0,0,0
SKU2,07/06/20,3181,1%,0,0,0,-10.13,1,0,0,0
SKU2,14/06/20,3339,1%,0,0,0,-8.68,1,0,0,0
SKU2,21/06/20,3425,1%,0,0,0,-8.57,1,0,0,0
SKU2,28/06/20,3279,1%,0,0,0,-7.5,1,0,0,0
SKU2,05/07/20,3267,2%,0,0,0,-8.04,1,0,0,0
SKU2,12/07/20,3154,1%,1,0,0,-9.36,1,0,0,0
SKU2,19/07/20,8340,26%,0,0,0,-8.77,1,0,0,0
SKU2,26/07/20,3076,2%,1,0,0,-9.93,1,0,0,0
SKU2,02/08/20,7732,26%,0,0,0,-11.65,1,0,0,0
SKU2,09/08/20,3210,2%,1,0,0,-13.23,1,0,0,0
SKU2,16/08/20,34327,50%,1,0,0,-20.35,1,0,0,0
SKU2,23/08/20,7910,27%,0,0,0,-19.41,1,0,0,0
SKU2,30/08/20,3170,2%,1,0,0,-18.83,1,0,0,0
SKU2,06/09/20,8152,26%,0,0,0,-16.44,1,0,0,0
SKU2,13/09/20,3081,2%,0,0,0,-7.28,1,0,0,0
SKU2,20/09/20,3322,1%,1,0,0,-9.87,1,0,0,0
SKU2,27/09/20,8123,25%,0,0,0,-7.79,1,0,0,0
SKU2,04/10/20,3160,2%,0,1,1,-9.73,1,0,0,0
SKU2,11/10/20,40169,50%,1,0,0,-7.39,1,0,0,0
SKU2,18/10/20,8102,27%,1,0,0,-7.56,1,0,0,0
SKU2,25/10/20,8143,26%,0,0,0,-8.39,1,0,0,0
SKU2,01/11/20,3062,2%,1,0,0,-7.43,1,0,0,0
SKU2,08/11/20,22460,50%,0,0,0,-5.95,1,0,0,0
SKU2,15/11/20,3464,5%,1,0,0,-7.2,1,0,0,0
SKU2,22/11/20,0,27%,1,0,0,-5.96,1,0,0,0
SKU2,29/11/20,0,23%,1,0,0,-5.3,1,0,0,0
SKU2,06/12/20,0,22%,0,0,0,-4.38,1,0,0,0
SKU2,13/12/20,0,22%,0,0,0,-4.74,1,0,0,0
SKU2,20/12/20,0,25%,0,0,0,-10.27,1,0,0,1
SKU2,27/12/20,0,21%,0,0,0,-6.95,1,0,0,0
SKU3,05/02/17,39767,30%,0,1,1,0,0,0,0,0
SKU3,12/02/17,49090,30%,1,0,0,0,0,1,0,0
SKU3,19/02/17,41044,30%,1,0,1,0,0,0,0,0
SKU3,26/02/17,53637,30%,0,0,0,0,0,0,0,0
SKU3,05/03/17,13568,0%,0,1,0,0,0,0,0,0
SKU3,12/03/17,48230,30%,1,0,0,0,0,0,0,0
SKU3,19/03/17,47632,30%,1,0,0,0,0,0,0,0
SKU3,26/03/17,52458,30%,1,0,0,0,0,0,0,0
SKU3,02/04/17,48624,30%,0,1,0,0,0,0,0,0
SKU3,09/04/17,58678,30%,1,0,0,0,0,0,1,0
SKU3,16/04/17,31180,20%,0,1,0,0,0,0,0,0
SKU3,23/04/17,39918,30%,1,0,0,0,0,0,0,0
SKU3,30/04/17,28519,20%,0,1,1,0,0,0,0,0
SKU3,07/05/17,212245,50%,1,0,0,0,0,0,0,0
SKU3,14/05/17,46634,30%,0,0,0,0,0,0,0,0
SKU3,21/05/17,15816,0%,1,0,0,0,0,0,0,0
SKU3,28/05/17,50615,30%,1,0,1,0,0,0,0,0
SKU3,04/06/17,55744,30%,0,1,1,0,0,0,0,0
SKU3,11/06/17,248373,50%,1,0,1,0,0,0,0,0
SKU3,18/06/17,56218,30%,0,1,1,0,0,0,0,0
SKU3,25/06/17,88330,40%,1,0,1,0,0,0,0,0
SKU3,02/07/17,21719,2%,0,1,1,0,0,0,0,0
SKU3,09/07/17,66602,30%,1,0,1,0,0,0,0,0
SKU3,16/07/17,37996,20%,1,0,1,0,0,0,0,0
SKU3,23/07/17,60173,30%,1,0,1,0,0,0,0,0
SKU3,30/07/17,18827,0%,1,0,0,0,0,0,0,0
SKU3,06/08/17,52917,30%,1,0,1,0,0,0,0,0
SKU3,13/08/17,19315,0%,1,0,1,0,0,0,0,0
SKU3,20/08/17,57361,30%,0,1,1,0,0,0,0,0
SKU3,27/08/17,236242,50%,1,0,1,0,0,0,0,0
SKU3,03/09/17,55091,30%,1,0,1,0,0,0,0,0
SKU3,10/09/17,64818,30%,1,0,1,0,0,0,0,0
SKU3,17/09/17,63731,40%,0,1,1,0,0,0,0,0
SKU3,24/09/17,72851,40%,1,0,1,0,0,0,0,0
SKU3,01/10/17,18797,2%,1,0,1,0,0,0,0,0
SKU3,08/10/17,52132,30%,1,0,1,0,0,0,0,0
SKU3,15/10/17,31259,20%,0,1,1,0,0,0,0,0
SKU3,22/10/17,49891,30%,1,0,1,0,0,0,0,0
SKU3,29/10/17,16354,2%,0,1,1,0,0,0,0,0
SKU3,05/11/17,212947,50%,1,0,1,0,0,0,0,0
SKU3,12/11/17,47367,30%,1,0,1,0,0,0,0,0
SKU3,19/11/17,29788,20%,1,0,1,0,0,0,0,0
SKU3,26/11/17,43078,30%,0,1,1,0,0,0,0,0
SKU3,03/12/17,62176,40%,1,0,1,0,0,0,0,1
SKU3,10/12/17,15098,0%,1,0,1,0,0,0,0,0
SKU3,17/12/17,46362,30%,1,0,0,0,0,0,0,0
SKU3,24/12/17,40244,30%,1,0,1,0,0,0,0,0
SKU3,31/12/17,10970,0%,1,0,0,0,0,0,0,0
SKU3,07/01/18,57707,40%,1,0,1,0,0,0,0,0
SKU3,14/01/18,13001,2%,0,1,0,0,0,0,0,0
SKU3,21/01/18,60844,40%,1,0,1,0,0,0,0,0
SKU3,28/01/18,14766,0%,1,0,0,0,0,0,0,0
SKU3,04/02/18,66821,40%,1,0,1,0,0,0,0,0
SKU3,11/02/18,14822,0%,0,1,1,0,0,1,0,0
SKU3,18/02/18,65917,40%,1,0,0,0,0,0,0,0
SKU3,25/02/18,72768,40%,1,0,1,0,0,0,0,0
SKU3,04/03/18,15242,0%,0,1,0,0,0,0,0,0
SKU3,11/03/18,77546,40%,1,0,1,0,0,0,0,0
SKU3,18/03/18,15914,0%,0,1,0,0,0,0,0,0
SKU3,25/03/18,81070,40%,1,0,1,0,0,0,0,0
SKU3,01/04/18,16298,2%,1,0,0,0,0,0,0,0
SKU3,08/04/18,63779,40%,1,0,1,0,0,0,1,0
SKU3,15/04/18,15593,0%,1,0,0,0,0,0,0,0
SKU3,22/04/18,91541,40%,1,0,1,0,0,0,0,0
SKU3,29/04/18,41716,20%,0,1,0,0,0,0,0,0
SKU3,06/05/18,85960,40%,1,0,0,0,0,0,0,0
SKU3,13/05/18,73443,40%,1,0,1,0,0,0,0,0
SKU3,20/05/18,81236,40%,1,0,1,0,0,0,0,0
SKU3,27/05/18,20184,0%,1,0,1,0,0,0,0,0
SKU3,03/06/18,43483,20%,0,1,1,0,0,0,0,0
SKU3,10/06/18,288322,50%,1,0,1,0,0,0,0,0
SKU3,17/06/18,44670,22%,1,0,1,0,0,0,0,0
SKU3,24/06/18,83798,40%,1,0,1,0,0,0,0,0
SKU3,01/07/18,45241,20%,0,1,1,0,0,0,0,0
SKU3,08/07/18,98300,40%,1,0,1,0,0,0,0,0
SKU3,15/07/18,24771,0%,0,1,0,0,0,0,0,0
SKU3,22/07/18,77644,40%,1,0,1,0,0,0,0,0
SKU3,29/07/18,21768,0%,1,0,0,0,0,0,0,0
SKU3,05/08/18,43217,20%,1,0,1,0,0,0,0,0
SKU3,12/08/18,21318,0%,0,1,1,0,0,0,0,0
SKU3,19/08/18,94025,40%,1,0,1,0,0,0,0,0
SKU3,26/08/18,19395,0%,1,0,0,0,0,0,0,0
SKU3,02/09/18,84724,40%,1,0,1,0,0,0,0,0
SKU3,09/09/18,17903,0%,1,0,0,0,0,0,0,0
SKU3,16/09/18,83294,40%,1,0,1,0,0,0,0,0
SKU3,23/09/18,69874,40%,0,1,1,0,0,0,0,0
SKU3,30/09/18,237462,50%,1,0,1,0,0,0,0,0
SKU3,07/10/18,19806,4%,0,1,0,0,0,0,0,0
SKU3,14/10/18,94028,40%,1,0,1,0,0,0,0,0
SKU3,21/10/18,17859,0%,0,1,1,0,0,0,0,0
SKU3,28/10/18,73225,40%,1,0,1,0,0,0,0,0
SKU3,04/11/18,16559,0%,0,1,0,0,0,0,0,0
SKU3,11/11/18,86341,40%,1,0,1,0,0,0,0,0
SKU3,18/11/18,18175,2%,0,1,0,0,0,0,0,0
SKU3,25/11/18,85834,40%,1,0,1,0,0,0,0,0
SKU3,02/12/18,16673,2%,1,0,1,0,0,0,0,1
SKU3,09/12/18,80303,40%,1,0,1,0,0,0,0,0
SKU3,16/12/18,16228,2%,1,0,1,0,0,0,0,0
SKU3,23/12/18,15567,0%,1,0,0,0,0,0,0,0
SKU3,30/12/18,19818,20%,0,1,0,0,0,0,0,0
SKU3,06/01/19,65120,42%,1,0,1,0,0,0,0,0
SKU3,13/01/19,13910,0%,0,1,0,0,0,0,0,0
SKU3,20/01/19,72688,40%,1,0,1,0,0,0,0,0
SKU3,27/01/19,15378,0%,0,1,0,0,0,0,0,0
SKU3,03/02/19,77331,40%,1,0,1,0,0,0,0,0
SKU3,10/02/19,16284,3%,1,0,1,0,0,1,0,0
SKU3,17/02/19,195088,50%,1,0,1,0,0,0,0,0
SKU3,24/02/19,66726,40%,0,1,1,0,0,0,0,0
SKU3,03/03/19,70897,40%,1,0,1,0,0,0,0,0
SKU3,10/03/19,18959,7%,0,1,1,0,0,0,0,0
SKU3,17/03/19,84789,40%,1,0,1,0,0,0,0,0
SKU3,24/03/19,23297,22%,0,1,0,0,0,0,0,0
SKU3,31/03/19,74574,40%,1,0,1,0,0,0,0,0
SKU3,07/04/19,20603,23%,0,1,0,0,0,0,1,0
SKU3,14/04/19,82925,45%,1,0,1,0,0,0,0,0
SKU3,21/04/19,16258,9%,0,1,1,0,0,0,0,0
SKU3,28/04/19,60819,40%,1,0,1,0,0,0,0,0
SKU3,05/05/19,14847,21%,0,1,0,0,0,0,0,0
SKU3,12/05/19,73917,43%,1,0,1,0,0,0,0,0
SKU3,19/05/19,30770,38%,0,1,0,0,0,0,0,0
SKU3,26/05/19,65796,49%,1,0,0,0,0,0,0,0
SKU3,02/06/19,19708,30%,0,1,0,0,0,0,0,0
SKU3,09/06/19,197503,55%,1,0,0,0,0,0,0,0
SKU3,16/06/19,40396,43%,0,1,0,0,0,0,0,0
SKU3,23/06/19,75058,45%,1,0,1,0,0,0,0,0
SKU3,30/06/19,34350,35%,1,0,1,0,0,0,0,0
SKU3,07/07/19,63367,41%,1,0,1,0,0,0,0,0
SKU3,14/07/19,19698,33%,0,1,0,0,0,0,0,0
SKU3,21/07/19,82028,48%,1,0,1,0,0,0,0,0
SKU3,28/07/19,18589,33%,0,1,1,0,0,0,0,0
SKU3,04/08/19,75642,51%,1,0,1,0,0,0,0,0
SKU3,11/08/19,20287,33%,0,1,1,0,0,0,0,0
SKU3,18/08/19,224723,52%,1,0,1,0,0,0,0,0
SKU3,25/08/19,36190,22%,0,1,0,0,0,0,0,0
SKU3,01/09/19,78848,51%,1,0,1,0,0,0,0,0
SKU3,08/09/19,18947,33%,1,0,0,0,0,0,0,0
SKU3,15/09/19,75687,45%,1,0,1,0,0,0,0,0
SKU3,22/09/19,22404,34%,0,1,1,0,0,0,0,0
SKU3,29/09/19,207356,54%,1,0,1,0,0,0,0,0
SKU3,06/10/19,37198,32%,0,1,1,0,0,0,0,0
SKU3,13/10/19,83295,22%,1,0,1,0,0,0,0,0
SKU3,20/10/19,18549,4%,0,1,0,0,0,0,0,0
SKU3,27/10/19,77885,23%,1,0,1,0,0,0,0,0
SKU3,03/11/19,16769,4%,0,1,1,0,0,0,0,0
SKU3,10/11/19,182891,49%,1,0,1,0,0,0,0,0
SKU3,17/11/19,30944,14%,0,1,0,0,0,0,0,0
SKU3,24/11/19,74345,22%,1,0,1,0,0,0,0,0
SKU3,01/12/19,16864,4%,0,1,1,0,0,0,0,1
SKU3,08/12/19,72108,35%,1,0,1,0,0,0,0,0
SKU3,15/12/19,29325,20%,1,0,1,0,0,0,0,0
SKU3,22/12/19,33126,13%,1,0,0,0,0,0,0,0
SKU3,29/12/19,17979,20%,0,1,0,0,0,0,0,0
SKU3,05/01/20,50536,50%,1,0,1,0,0,0,0,0
SKU3,12/01/20,13672,36%,0,1,0,0,0,0,0,0
SKU3,19/01/20,59700,80%,1,0,1,0,0,0,0,0
SKU3,26/01/20,14278,67%,0,1,1,0,0,0,0,0
SKU3,02/02/20,56120,80%,1,0,1,0,0,0,0,0
SKU3,09/02/20,15286,67%,0,1,1,2.36,1,0,0,0
SKU3,16/02/20,187548,51%,1,0,1,3.3,1,1,0,0
SKU3,23/02/20,31172,74%,0,1,0,3.9,1,0,0,0
SKU3,01/03/20,76759,80%,1,0,1,3.81,1,0,0,0
SKU3,08/03/20,16311,67%,0,1,0,3.01,1,0,0,0
SKU3,15/03/20,102770,48%,1,0,1,0.26,1,0,0,0
SKU3,22/03/20,24862,67%,0,0,0,-15.7,1,0,0,0
SKU3,29/03/20,33476,67%,1,0,1,-26.63,1,0,0,0
SKU3,05/04/20,29350,67%,0,1,0,-28.49,1,0,0,0
SKU3,12/04/20,97959,80%,1,0,0,-27.3,1,0,1,0
SKU3,19/04/20,19116,68%,0,1,1,-24.28,1,0,0,0
SKU3,26/04/20,64671,77%,1,0,0,-22.58,1,0,0,0
SKU3,03/05/20,22217,67%,0,0,0,-18.18,1,0,0,0
SKU3,10/05/20,78949,80%,0,0,0,-15.91,1,0,0,0
SKU3,17/05/20,19161,67%,0,0,0,-15.27,1,0,0,0
SKU3,24/05/20,66290,80%,0,0,0,-13.24,1,0,0,0
SKU3,31/05/20,19726,67%,1,0,1,-10.86,1,0,0,0
SKU3,07/06/20,75510,80%,1,0,1,-10.13,1,0,0,0
SKU3,14/06/20,20278,67%,1,0,1,-8.68,1,0,0,0
SKU3,21/06/20,79090,80%,1,0,1,-8.57,1,0,0,0
SKU3,28/06/20,23331,67%,1,0,0,-7.5,1,0,0,0
SKU3,05/07/20,63430,77%,1,0,1,-8.04,1,0,0,0
SKU3,12/07/20,20478,67%,0,1,1,-9.36,1,0,0,0
SKU3,19/07/20,184365,83%,1,0,0,-8.77,1,0,0,0
SKU3,26/07/20,33301,71%,1,0,0,-9.93,1,0,0,0
SKU3,02/08/20,60530,77%,1,0,0,-11.65,1,0,0,0
SKU3,09/08/20,21666,67%,1,0,1,-13.23,1,0,0,0
SKU3,16/08/20,189965,83%,1,0,1,-20.35,1,0,0,0
SKU3,23/08/20,51798,77%,1,0,1,-19.41,1,0,0,0
SKU3,30/08/20,51884,77%,1,0,1,-18.83,1,0,0,0
SKU3,06/09/20,21108,67%,0,1,0,-16.44,1,0,0,0
SKU3,13/09/20,57867,77%,1,0,1,-7.28,1,0,0,0
SKU3,20/09/20,19186,67%,1,0,1,-9.87,1,0,0,0
SKU3,27/09/20,59997,77%,1,0,1,-7.79,1,0,0,0
SKU3,04/10/20,52970,77%,0,1,1,-9.73,1,0,0,0
SKU3,11/10/20,54751,77%,1,0,1,-7.39,1,0,0,0
SKU3,18/10/20,17625,67%,0,1,0,-7.56,1,0,0,0
SKU3,25/10/20,60638,77%,1,0,1,-8.39,1,0,0,0
SKU3,01/11/20,15003,67%,1,0,1,-7.43,1,0,0,0
SKU3,08/11/20,42459,77%,1,0,0,-5.95,1,0,0,0
SKU3,15/11/20,13668,67%,0,1,1,-7.2,1,0,0,0
SKU3,22/11/20,0,83%,1,0,0,-5.96,1,0,0,0
SKU3,29/11/20,0,73%,0,1,0,-5.3,1,0,0,0
SKU3,06/12/20,0,74%,1,0,0,-4.38,1,0,0,0
SKU3,13/12/20,0,74%,0,1,0,-4.74,1,0,0,0
SKU3,20/12/20,0,75%,0,1,0,-10.27,1,0,0,1
SKU3,27/12/20,0,74%,1,0,1,-6.95,1,0,0,0
SKU4,05/02/17,12835,30%,0,1,1,0,0,0,0,0
SKU4,12/02/17,15705,30%,1,0,0,0,0,1,0,0
SKU4,19/02/17,13382,30%,1,0,1,0,0,0,0,0
SKU4,26/02/17,15709,30%,0,0,0,0,0,0,0,0
SKU4,05/03/17,3729,0%,0,1,0,0,0,0,0,0
SKU4,12/03/17,15061,30%,1,0,0,0,0,0,0,0
SKU4,19/03/17,15759,30%,1,0,0,0,0,0,0,0
SKU4,26/03/17,15479,30%,1,0,0,0,0,0,0,0
SKU4,02/04/17,16003,30%,0,1,0,0,0,0,0,0
SKU4,09/04/17,19455,30%,1,0,0,0,0,0,1,0
SKU4,16/04/17,9445,20%,0,1,0,0,0,0,0,0
SKU4,23/04/17,12697,30%,1,0,0,0,0,0,0,0
SKU4,30/04/17,8735,20%,0,1,1,0,0,0,0,0
SKU4,07/05/17,65464,50%,1,0,0,0,0,0,0,0
SKU4,14/05/17,14559,32%,0,0,0,0,0,0,0,0
SKU4,21/05/17,4400,2%,1,0,0,0,0,0,0,0
SKU4,28/05/17,16004,30%,1,0,1,0,0,0,0,0
SKU4,04/06/17,15932,30%,0,1,1,0,0,0,0,0
SKU4,11/06/17,63256,50%,1,0,1,0,0,0,0,0
SKU4,18/06/17,16824,32%,0,1,1,0,0,0,0,0
SKU4,25/06/17,26316,40%,1,0,1,0,0,0,0,0
SKU4,02/07/17,5426,2%,0,1,1,0,0,0,0,0
SKU4,09/07/17,19411,30%,1,0,1,0,0,0,0,0
SKU4,16/07/17,11807,20%,1,0,1,0,0,0,0,0
SKU4,23/07/17,21089,30%,1,0,1,0,0,0,0,0
SKU4,30/07/17,5487,0%,1,0,0,0,0,0,0,0
SKU4,06/08/17,17564,30%,1,0,1,0,0,0,0,0
SKU4,13/08/17,5497,0%,1,0,1,0,0,0,0,0
SKU4,20/08/17,18434,30%,0,1,1,0,0,0,0,0
SKU4,27/08/17,75377,50%,1,0,1,0,0,0,0,0
SKU4,03/09/17,16756,32%,1,0,1,0,0,0,0,0
SKU4,10/09/17,17340,30%,1,0,1,0,0,0,0,0
SKU4,17/09/17,20945,40%,0,1,1,0,0,0,0,0
SKU4,24/09/17,24469,40%,1,0,1,0,0,0,0,0
SKU4,01/10/17,5640,2%,1,0,1,0,0,0,0,0
SKU4,08/10/17,16773,30%,1,0,1,0,0,0,0,0
SKU4,15/10/17,10420,20%,0,1,1,0,0,0,0,0
SKU4,22/10/17,16777,30%,1,0,1,0,0,0,0,0
SKU4,29/10/17,4725,2%,0,1,1,0,0,0,0,0
SKU4,05/11/17,69467,50%,1,0,1,0,0,0,0,0
SKU4,12/11/17,15498,32%,1,0,1,0,0,0,0,0
SKU4,19/11/17,8994,20%,1,0,1,0,0,0,0,0
SKU4,26/11/17,14023,30%,0,1,1,0,0,0,0,0
SKU4,03/12/17,20914,40%,1,0,1,0,0,0,0,1
SKU4,10/12/17,4248,0%,1,0,1,0,0,0,0,0
SKU4,17/12/17,13159,30%,1,0,0,0,0,0,0,0
SKU4,24/12/17,10487,30%,1,0,1,0,0,0,0,0
SKU4,31/12/17,2960,0%,1,0,0,0,0,0,0,0
SKU4,07/01/18,18647,40%,1,0,1,0,0,0,0,0
SKU4,14/01/18,3583,2%,0,1,0,0,0,0,0,0
SKU4,21/01/18,19773,40%,1,0,1,0,0,0,0,0
SKU4,28/01/18,4057,0%,1,0,0,0,0,0,0,0
SKU4,04/02/18,21229,40%,1,0,1,0,0,0,0,0
SKU4,11/02/18,4306,0%,0,1,1,0,0,1,0,0
SKU4,18/02/18,21451,40%,1,0,0,0,0,0,0,0
SKU4,25/02/18,22091,40%,1,0,1,0,0,0,0,0
SKU4,04/03/18,4422,2%,0,1,0,0,0,0,0,0
SKU4,11/03/18,24597,40%,1,0,1,0,0,0,0,0
SKU4,18/03/18,4604,2%,0,1,0,0,0,0,0,0
SKU4,25/03/18,25200,40%,1,0,1,0,0,0,0,0
SKU4,01/04/18,4140,2%,1,0,0,0,0,0,0,0
SKU4,08/04/18,19161,40%,1,0,1,0,0,0,1,0
SKU4,15/04/18,3754,2%,1,0,0,0,0,0,0,0
SKU4,22/04/18,24056,40%,1,0,1,0,0,0,0,0
SKU4,29/04/18,10289,20%,0,1,0,0,0,0,0,0
SKU4,06/05/18,25115,40%,1,0,0,0,0,0,0,0
SKU4,13/05/18,24208,40%,1,0,1,0,0,0,0,0
SKU4,20/05/18,24612,40%,1,0,1,0,0,0,0,0
SKU4,27/05/18,4970,2%,1,0,1,0,0,0,0,0
SKU4,03/06/18,12454,20%,0,1,1,0,0,0,0,0
SKU4,10/06/18,72261,50%,1,0,1,0,0,0,0,0
SKU4,17/06/18,12202,22%,1,0,1,0,0,0,0,0
SKU4,24/06/18,24918,40%,1,0,1,0,0,0,0,0
SKU4,01/07/18,12293,20%,0,1,1,0,0,0,0,0
SKU4,08/07/18,28282,40%,1,0,1,0,0,0,0,0
SKU4,15/07/18,6117,0%,0,1,0,0,0,0,0,0
SKU4,22/07/18,20461,40%,1,0,1,0,0,0,0,0
SKU4,29/07/18,5392,2%,1,0,0,0,0,0,0,0
SKU4,05/08/18,12400,20%,1,0,1,0,0,0,0,0
SKU4,12/08/18,5043,2%,0,1,1,0,0,0,0,0
SKU4,19/08/18,25732,40%,1,0,1,0,0,0,0,0
SKU4,26/08/18,5086,2%,1,0,0,0,0,0,0,0
SKU4,02/09/18,23667,40%,1,0,1,0,0,0,0,0
SKU4,09/09/18,4753,2%,1,0,0,0,0,0,0,0
SKU4,16/09/18,22977,40%,1,0,1,0,0,0,0,0
SKU4,23/09/18,20826,40%,0,1,1,0,0,0,0,0
SKU4,30/09/18,66114,50%,1,0,1,0,0,0,0,0
SKU4,07/10/18,5293,10%,0,1,0,0,0,0,0,0
SKU4,14/10/18,25266,40%,1,0,1,0,0,0,0,0
SKU4,21/10/18,4596,2%,0,1,1,0,0,0,0,0
SKU4,28/10/18,22940,40%,1,0,1,0,0,0,0,0
SKU4,04/11/18,4039,2%,0,1,0,0,0,0,0,0
SKU4,11/11/18,22262,40%,1,0,1,0,0,0,0,0
SKU4,18/11/18,4081,2%,0,1,0,0,0,0,0,0
SKU4,25/11/18,23852,40%,1,0,1,0,0,0,0,0
SKU4,02/12/18,3719,2%,1,0,1,0,0,0,0,1
SKU4,09/12/18,19795,40%,1,0,1,0,0,0,0,0
SKU4,16/12/18,3759,2%,1,0,1,0,0,0,0,0
SKU4,23/12/18,3332,0%,1,0,0,0,0,0,0,0
SKU4,30/12/18,5042,20%,0,1,0,0,0,0,0,0
SKU4,06/01/19,16712,42%,1,0,1,0,0,0,0,0
SKU4,13/01/19,3133,2%,0,1,0,0,0,0,0,0
SKU4,20/01/19,17667,40%,1,0,1,0,0,0,0,0
SKU4,27/01/19,3308,2%,0,1,0,0,0,0,0,0
SKU4,03/02/19,19564,40%,1,0,1,0,0,0,0,0
SKU4,10/02/19,3789,3%,1,0,1,0,0,1,0,0
SKU4,17/02/19,63842,50%,1,0,1,0,0,0,0,0
SKU4,24/02/19,19642,40%,0,1,1,0,0,0,0,0
SKU4,03/03/19,22114,40%,1,0,1,0,0,0,0,0
SKU4,10/03/19,5266,8%,0,1,1,0,0,0,0,0
SKU4,17/03/19,27690,40%,1,0,1,0,0,0,0,0
SKU4,24/03/19,7666,24%,0,1,0,0,0,0,0,0
SKU4,31/03/19,23530,40%,1,0,1,0,0,0,0,0
SKU4,07/04/19,6276,23%,0,1,0,0,0,0,1,0
SKU4,14/04/19,25614,45%,1,0,1,0,0,0,0,0
SKU4,21/04/19,4240,7%,0,1,1,0,0,0,0,0
SKU4,28/04/19,18035,40%,1,0,1,0,0,0,0,0
SKU4,05/05/19,4415,22%,0,1,0,0,0,0,0,0
SKU4,12/05/19,20849,42%,1,0,1,0,0,0,0,0
SKU4,19/05/19,9098,38%,0,1,0,0,0,0,0,0
SKU4,26/05/19,17578,48%,1,0,0,0,0,0,0,0
SKU4,02/06/19,5012,36%,0,1,0,0,0,0,0,0
SKU4,09/06/19,59637,54%,1,0,0,0,0,0,0,0
SKU4,16/06/19,11764,43%,0,1,0,0,0,0,0,0
SKU4,23/06/19,19576,47%,1,0,1,0,0,0,0,0
SKU4,30/06/19,9155,38%,1,0,1,0,0,0,0,0
SKU4,07/07/19,17401,45%,1,0,1,0,0,0,0,0
SKU4,14/07/19,4844,32%,0,1,0,0,0,0,0,0
SKU4,21/07/19,22481,46%,1,0,1,0,0,0,0,0
SKU4,28/07/19,4825,22%,0,1,1,0,0,0,0,0
SKU4,04/08/19,21721,47%,1,0,1,0,0,0,0,0
SKU4,11/08/19,5374,25%,0,1,1,0,0,0,0,0
SKU4,18/08/19,64115,55%,1,0,1,0,0,0,0,0
SKU4,25/08/19,9409,42%,0,1,0,0,0,0,0,0
SKU4,01/09/19,19481,48%,1,0,1,0,0,0,0,0
SKU4,08/09/19,4385,34%,1,0,0,0,0,0,0,0
SKU4,15/09/19,17385,38%,1,0,1,0,0,0,0,0
SKU4,22/09/19,5100,34%,0,1,1,0,0,0,0,0
SKU4,29/09/19,56430,49%,1,0,1,0,0,0,0,0
SKU4,06/10/19,9544,42%,0,1,1,0,0,0,0,0
SKU4,13/10/19,21822,37%,1,0,1,0,0,0,0,0
SKU4,20/10/19,4550,20%,0,1,0,0,0,0,0,0
SKU4,27/10/19,21013,53%,1,0,1,0,0,0,0,0
SKU4,03/11/19,4254,34%,0,1,1,0,0,0,0,0
SKU4,10/11/19,54996,43%,1,0,1,0,0,0,0,0
SKU4,17/11/19,8645,24%,0,1,0,0,0,0,0,0
SKU4,24/11/19,19749,22%,1,0,1,0,0,0,0,0
SKU4,01/12/19,4056,8%,0,1,1,0,0,0,0,1
SKU4,08/12/19,20011,32%,1,0,1,0,0,0,0,0
SKU4,15/12/19,8178,12%,1,0,1,0,0,0,0,0
SKU4,22/12/19,9285,20%,1,0,0,0,0,0,0,0
SKU4,29/12/19,5153,20%,0,1,0,0,0,0,0,0
SKU4,05/01/20,16152,22%,1,0,1,0,0,0,0,0
SKU4,12/01/20,3792,5%,0,1,0,0,0,0,0,0
SKU4,19/01/20,19561,70%,1,0,1,0,0,0,0,0
SKU4,26/01/20,3721,51%,0,1,1,0,0,0,0,0
SKU4,02/02/20,18078,37%,1,0,1,0,0,0,0,0
SKU4,09/02/20,4218,51%,0,1,1,2.36,1,0,0,0
SKU4,16/02/20,58091,27%,1,0,1,3.3,1,1,0,0
SKU4,23/02/20,8486,62%,0,1,0,3.9,1,0,0,0
SKU4,01/03/20,21180,51%,1,0,1,3.81,1,0,0,0
SKU4,08/03/20,4306,51%,0,1,0,3.01,1,0,0,0
SKU4,15/03/20,32133,70%,1,0,1,0.26,1,0,0,0
SKU4,22/03/20,6538,51%,0,0,0,-15.7,1,0,0,0
SKU4,29/03/20,9592,50%,1,0,1,-26.63,1,0,0,0
SKU4,05/04/20,8224,50%,0,1,0,-28.49,1,0,0,0
SKU4,12/04/20,26823,70%,1,0,0,-27.3,1,0,1,0
SKU4,19/04/20,5342,52%,0,1,1,-24.28,1,0,0,0
SKU4,26/04/20,20558,65%,1,0,0,-22.58,1,0,0,0
SKU4,03/05/20,6665,51%,0,0,0,-18.18,1,0,0,0
SKU4,10/05/20,26698,70%,0,0,0,-15.91,1,0,0,0
SKU4,17/05/20,6215,52%,0,0,0,-15.27,1,0,0,0
SKU4,24/05/20,23484,70%,0,0,0,-13.24,1,0,0,0
SKU4,31/05/20,6262,51%,1,0,1,-10.86,1,0,0,0
SKU4,07/06/20,27221,70%,1,0,1,-10.13,1,0,0,0
SKU4,14/06/20,6878,51%,1,0,1,-8.68,1,0,0,0
SKU4,21/06/20,29993,70%,1,0,1,-8.57,1,0,0,0
SKU4,28/06/20,7661,51%,1,0,0,-7.5,1,0,0,0
SKU4,05/07/20,24787,66%,1,0,1,-8.04,1,0,0,0
SKU4,12/07/20,7403,51%,0,1,1,-9.36,1,0,0,0
SKU4,19/07/20,76346,75%,1,0,0,-8.77,1,0,0,0
SKU4,26/07/20,13391,58%,1,0,0,-9.93,1,0,0,0
SKU4,02/08/20,25496,65%,1,0,0,-11.65,1,0,0,0
SKU4,09/08/20,8126,51%,1,0,1,-13.23,1,0,0,0
SKU4,16/08/20,81301,75%,1,0,1,-20.35,1,0,0,0
SKU4,23/08/20,21752,66%,1,0,1,-19.41,1,0,0,0
SKU4,30/08/20,21743,65%,1,0,1,-18.83,1,0,0,0
SKU4,06/09/20,7557,51%,0,1,0,-16.44,1,0,0,0
SKU4,13/09/20,23086,65%,1,0,1,-7.28,1,0,0,0
SKU4,20/09/20,6972,51%,1,0,1,-9.87,1,0,0,0
SKU4,27/09/20,24960,65%,1,0,1,-7.79,1,0,0,0
SKU4,04/10/20,22119,65%,0,1,1,-9.73,1,0,0,0
SKU4,11/10/20,24923,65%,1,0,1,-7.39,1,0,0,0
SKU4,18/10/20,6619,51%,0,1,0,-7.56,1,0,0,0
SKU4,25/10/20,22889,65%,1,0,1,-8.39,1,0,0,0
SKU4,01/11/20,5353,51%,1,0,1,-7.43,1,0,0,0
SKU4,08/11/20,21558,65%,1,0,0,-5.95,1,0,0,0
SKU4,15/11/20,5924,51%,0,1,1,-7.2,1,0,0,0
SKU4,22/11/20,0,75%,1,0,0,-5.96,1,0,0,0
SKU4,29/11/20,0,60%,0,1,0,-5.3,1,0,0,0
SKU4,06/12/20,0,61%,1,0,0,-4.38,1,0,0,0
SKU4,13/12/20,0,60%,0,1,0,-4.74,1,0,0,0
SKU4,20/12/20,0,62%,0,1,0,-10.27,1,0,0,1
SKU4,27/12/20,0,62%,1,0,1,-6.95,1,0,0,0
SKU5,05/02/17,5229,0%,0,0,0,0,0,0,0,0
SKU5,12/02/17,5748,0%,1,0,0,0,0,1,0,0
SKU5,19/02/17,20536,38%,0,0,0,0,0,0,0,0
SKU5,26/02/17,5928,0%,1,0,0,0,0,0,0,0
SKU5,05/03/17,21787,38%,0,0,0,0,0,0,0,0
SKU5,12/03/17,5952,0%,0,0,0,0,0,0,0,0
SKU5,19/03/17,5994,0%,1,0,0,0,0,0,0,0
SKU5,26/03/17,15317,25%,0,0,0,0,0,0,0,0
SKU5,02/04/17,6194,0%,0,0,0,0,0,0,0,0
SKU5,09/04/17,6467,0%,0,0,0,0,0,0,1,0
SKU5,16/04/17,5740,0%,0,1,1,0,0,0,0,0
SKU5,23/04/17,42344,50%,1,0,0,0,0,0,0,0
SKU5,30/04/17,14974,25%,0,0,0,0,0,0,0,0
SKU5,07/05/17,6174,0%,0,1,1,0,0,0,0,0
SKU5,14/05/17,45348,50%,1,0,0,0,0,0,0,0
SKU5,21/05/17,16178,25%,0,0,0,0,0,0,0,0
SKU5,28/05/17,6856,0%,0,0,0,0,0,0,0,0
SKU5,04/06/17,6716,0%,1,0,0,0,0,0,0,0
SKU5,11/06/17,22959,38%,0,0,0,0,0,0,0,0
SKU5,18/06/17,6927,0%,0,1,0,0,0,0,0,0
SKU5,25/06/17,25870,38%,0,0,0,0,0,0,0,0
SKU5,02/07/17,7285,0%,0,1,1,0,0,0,0,0
SKU5,09/07/17,55905,50%,1,0,0,0,0,0,0,0
SKU5,16/07/17,17012,25%,0,0,0,0,0,0,0,0
SKU5,23/07/17,7485,0%,0,0,0,0,0,0,0,0
SKU5,30/07/17,7519,0%,0,1,0,0,0,0,0,0
SKU5,06/08/17,25361,38%,0,0,0,0,0,0,0,0
SKU5,13/08/17,7462,0%,0,1,1,0,0,0,0,0
SKU5,20/08/17,73114,50%,1,0,0,0,0,0,0,0
SKU5,27/08/17,16280,25%,0,0,0,0,0,0,0,0
SKU5,03/09/17,7209,0%,1,0,0,0,0,0,0,0
SKU5,10/09/17,23030,38%,0,0,0,0,0,0,0,0
SKU5,17/09/17,7000,3%,0,1,1,0,0,0,0,0
SKU5,24/09/17,55567,50%,1,0,0,0,0,0,0,0
SKU5,01/10/17,17914,25%,0,0,0,0,0,0,0,0
SKU5,08/10/17,6830,0%,0,1,0,0,0,0,0,0
SKU5,15/10/17,25641,38%,1,0,0,0,0,0,0,0
SKU5,22/10/17,15565,25%,0,1,0,0,0,0,0,0
SKU5,29/10/17,24714,38%,0,0,0,0,0,0,0,0
SKU5,05/11/17,6935,0%,0,1,1,0,0,0,0,0
SKU5,12/11/17,50485,50%,1,0,0,0,0,0,0,0
SKU5,19/11/17,13982,25%,0,0,0,0,0,0,0,0
SKU5,26/11/17,11140,25%,1,0,0,0,0,0,0,0
SKU5,03/12/17,12363,25%,0,1,0,0,0,0,0,1
SKU5,10/12/17,17940,38%,1,0,0,0,0,0,0,0
SKU5,17/12/17,11647,25%,1,0,0,0,0,0,0,0
SKU5,24/12/17,12059,25%,0,0,0,0,0,0,0,0
SKU5,31/12/17,4298,0%,1,0,1,0,0,0,0,0
SKU5,07/01/18,14637,25%,0,0,0,0,0,0,0,0
SKU5,14/01/18,5294,0%,0,1,0,0,0,0,0,0
SKU5,21/01/18,51114,50%,1,0,0,0,0,0,0,0
SKU5,28/01/18,11520,25%,0,0,0,0,0,0,0,0
SKU5,04/02/18,5389,0%,0,1,0,0,0,0,0,0
SKU5,11/02/18,20916,43%,0,0,0,0,0,1,0,0
SKU5,18/02/18,4965,0%,0,0,0,0,0,0,0,0
SKU5,25/02/18,5256,0%,1,0,0,0,0,0,0,0
SKU5,04/03/18,18282,38%,0,0,0,0,0,0,0,0
SKU5,11/03/18,5285,3%,0,0,0,0,0,0,0,0
SKU5,18/03/18,4832,0%,1,0,0,0,0,0,0,0
SKU5,25/03/18,12206,25%,0,0,0,0,0,0,0,0
SKU5,01/04/18,4562,0%,0,0,0,0,0,0,0,0
SKU5,08/04/18,4226,0%,0,0,0,0,0,0,1,0
SKU5,15/04/18,4993,0%,0,0,0,0,0,0,0,0
SKU5,22/04/18,6608,0%,0,1,1,0,0,0,0,0
SKU5,29/04/18,42963,50%,1,0,0,0,0,0,0,0
SKU5,06/05/18,13215,25%,1,0,0,0,0,0,0,0
SKU5,13/05/18,6442,0%,1,0,0,0,0,0,0,0
SKU5,20/05/18,17038,25%,0,0,0,0,0,0,0,0
SKU5,27/05/18,6759,0%,0,1,1,0,0,0,0,0
SKU5,03/06/18,55160,50%,1,0,0,0,0,0,0,0
SKU5,10/06/18,14319,28%,0,0,0,0,0,0,0,0
SKU5,17/06/18,6693,0%,0,0,0,0,0,0,0,0
SKU5,24/06/18,6789,0%,0,1,1,0,0,0,0,0
SKU5,01/07/18,56275,50%,0,1,0,0,0,0,0,0
SKU5,08/07/18,43611,50%,1,0,0,0,0,0,0,0
SKU5,15/07/18,21242,38%,1,0,0,0,0,0,0,0
SKU5,22/07/18,15810,25%,1,0,0,0,0,0,0,0
SKU5,29/07/18,22544,38%,1,0,0,0,0,0,0,0
SKU5,05/08/18,14761,25%,0,0,0,0,0,0,0,0
SKU5,12/08/18,6716,0%,0,0,0,0,0,0,0,0
SKU5,19/08/18,7212,0%,0,1,1,0,0,0,0,0
SKU5,26/08/18,46909,50%,1,0,0,0,0,0,0,0
SKU5,02/09/18,15599,25%,0,1,1,0,0,0,0,0
SKU5,09/09/18,45838,50%,1,0,0,0,0,0,0,0
SKU5,16/09/18,14169,25%,1,0,0,0,0,0,0,0
SKU5,23/09/18,21634,38%,0,0,0,0,0,0,0,0
SKU5,30/09/18,6973,0%,0,1,0,0,0,0,0,0
SKU5,07/10/18,40051,50%,1,0,0,0,0,0,0,0
SKU5,14/10/18,18984,38%,1,0,0,0,0,0,0,0
SKU5,21/10/18,24517,38%,1,0,0,0,0,0,0,0
SKU5,28/10/18,15187,38%,0,0,0,0,0,0,0,0
SKU5,04/11/18,7449,13%,1,0,0,0,0,0,0,0
SKU5,11/11/18,18669,38%,0,0,0,0,0,0,0,0
SKU5,18/11/18,5863,0%,1,0,0,0,0,0,0,0
SKU5,25/11/18,13225,25%,0,0,0,0,0,0,0,0
SKU5,02/12/18,6095,0%,0,1,0,0,0,0,0,1
SKU5,09/12/18,23690,38%,1,0,0,0,0,0,0,0
SKU5,16/12/18,14226,25%,1,0,0,0,0,0,0,0
SKU5,23/12/18,14616,25%,1,0,0,0,0,0,0,0
SKU5,30/12/18,7890,25%,0,0,0,0,0,0,0,0
SKU5,06/01/19,4889,0%,0,0,0,0,0,0,0,0
SKU5,13/01/19,4934,0%,1,0,0,0,0,0,0,0
SKU5,20/01/19,5241,0%,1,0,0,0,0,0,0,0
SKU5,27/01/19,12323,25%,0,0,0,0,0,0,0,0
SKU5,03/02/19,5251,3%,1,0,0,0,0,0,0,0
SKU5,10/02/19,13048,25%,0,0,0,0,0,1,0,0
SKU5,17/02/19,5421,3%,1,0,1,0,0,0,0,0
SKU5,24/02/19,16020,38%,0,0,0,0,0,0,0,0
SKU5,03/03/19,4829,0%,1,0,0,0,0,0,0,0
SKU5,10/03/19,17449,38%,0,0,0,0,0,0,0,0
SKU5,17/03/19,5738,0%,1,0,0,0,0,0,0,0
SKU5,24/03/19,17134,38%,0,0,0,0,0,0,0,0
SKU5,31/03/19,5365,0%,0,0,0,0,0,0,0,0
SKU5,07/04/19,5523,0%,1,0,0,0,0,0,1,0
SKU5,14/04/19,19294,38%,0,0,0,0,0,0,0,0
SKU5,21/04/19,5007,3%,1,0,0,0,0,0,0,0
SKU5,28/04/19,15324,38%,0,0,0,0,0,0,0,0
SKU5,05/05/19,5504,3%,0,1,0,0,0,0,0,0
SKU5,12/05/19,47061,50%,1,0,0,0,0,0,0,0
SKU5,19/05/19,14292,25%,0,0,0,0,0,0,0,0
SKU5,26/05/19,5687,0%,1,0,0,0,0,0,0,0
SKU5,02/06/19,17663,38%,0,1,1,0,0,0,0,0
SKU5,09/06/19,57064,50%,1,0,1,0,0,0,0,0
SKU5,16/06/19,17809,38%,0,0,0,0,0,0,0,0
SKU5,23/06/19,6203,3%,0,1,0,0,0,0,0,0
SKU5,30/06/19,61658,50%,0,1,0,0,0,0,0,0
SKU5,07/07/19,39035,50%,1,0,0,0,0,0,0,0
SKU5,14/07/19,18790,38%,0,0,0,0,0,0,0,0
SKU5,21/07/19,6622,0%,1,0,0,0,0,0,0,0
SKU5,28/07/19,18827,38%,1,0,0,0,0,0,0,0
SKU5,04/08/19,14597,25%,0,1,1,0,0,0,0,0
SKU5,11/08/19,63644,50%,1,0,0,0,0,0,0,0
SKU5,18/08/19,14461,25%,0,0,0,0,0,0,0,0
SKU5,25/08/19,6393,0%,0,0,0,0,0,0,0,0
SKU5,01/09/19,6739,0%,0,0,0,0,0,0,0,0
SKU5,08/09/19,6009,0%,0,1,0,0,0,0,0,0
SKU5,15/09/19,56807,50%,1,0,0,0,0,0,0,0
SKU5,22/09/19,24271,38%,1,0,0,0,0,0,0,0
SKU5,29/09/19,18570,38%,0,0,0,0,0,0,0,0
SKU5,06/10/19,7913,0%,0,1,1,0,0,0,0,0
SKU5,13/10/19,57496,50%,0,0,0,0,0,0,0,0
SKU5,20/10/19,9007,5%,1,0,0,0,0,0,0,0
SKU5,27/10/19,17524,38%,0,1,1,0,0,0,0,0
SKU5,03/11/19,20191,38%,1,0,0,0,0,0,0,0
SKU5,10/11/19,12292,25%,0,0,0,0,0,0,0,0
SKU5,17/11/19,6453,0%,1,0,0,0,0,0,0,0
SKU5,24/11/19,13577,25%,0,0,0,0,0,0,0,0
SKU5,01/12/19,6516,0%,1,0,0,0,0,0,0,1
SKU5,08/12/19,13941,25%,0,0,0,0,0,0,0,0
SKU5,15/12/19,6751,0%,1,0,0,0,0,0,0,0
SKU5,22/12/19,17296,25%,1,0,0,0,0,0,0,0
SKU5,29/12/19,8011,25%,1,0,0,0,0,0,0,0
SKU5,05/01/20,5482,5%,0,0,0,0,0,0,0,0
SKU5,12/01/20,5396,0%,0,0,0,0,0,0,0,0
SKU5,19/01/20,5579,0%,0,0,0,0,0,0,0,0
SKU5,26/01/20,6020,0%,1,0,1,0,0,0,0,0
SKU5,02/02/20,11446,25%,1,0,0,0,0,0,0,0
SKU5,09/02/20,13686,25%,0,0,0,2.36,1,0,0,0
SKU5,16/02/20,5999,1%,0,0,0,3.3,1,1,0,0
SKU5,23/02/20,5666,0%,0,0,0,3.9,1,0,0,0
SKU5,01/03/20,5719,1%,0,0,0,3.81,1,0,0,0
SKU5,08/03/20,6201,0%,0,0,0,3.01,1,0,0,0
SKU5,15/03/20,6808,1%,1,0,0,0.26,1,0,0,0
SKU5,22/03/20,9327,25%,0,0,0,-15.7,1,0,0,0
SKU5,29/03/20,8379,1%,1,0,0,-26.63,1,0,0,0
SKU5,05/04/20,16928,25%,0,1,0,-28.49,1,0,0,0
SKU5,12/04/20,21732,38%,0,0,0,-27.3,1,0,1,0
SKU5,19/04/20,7098,3%,0,0,0,-24.28,1,0,0,0
SKU5,26/04/20,6955,1%,1,0,1,-22.58,1,0,0,0
SKU5,03/05/20,20491,38%,0,0,0,-18.18,1,0,0,0
SKU5,10/05/20,8974,2%,0,0,0,-15.91,1,0,0,0
SKU5,17/05/20,61753,50%,0,0,0,-15.27,1,0,0,0
SKU5,24/05/20,14153,27%,0,0,0,-13.24,1,0,0,0
SKU5,31/05/20,14048,26%,0,0,0,-10.86,1,0,0,0
SKU5,07/06/20,7903,1%,1,0,0,-10.13,1,0,0,0
SKU5,14/06/20,12949,26%,0,0,0,-8.68,1,0,0,0
SKU5,21/06/20,7074,1%,1,0,0,-8.57,1,0,0,0
SKU5,28/06/20,15787,26%,1,0,0,-7.5,1,0,0,0
SKU5,05/07/20,15044,26%,0,0,0,-8.04,1,0,0,0
SKU5,12/07/20,8282,1%,0,1,0,-9.36,1,0,0,0
SKU5,19/07/20,73058,51%,1,0,0,-8.77,1,0,0,0
SKU5,26/07/20,19258,38%,1,0,0,-9.93,1,0,0,0
SKU5,02/08/20,34540,50%,0,1,0,-11.65,1,0,0,0
SKU5,09/08/20,43900,51%,0,0,0,-13.23,1,0,0,0
SKU5,16/08/20,8048,5%,0,1,1,-20.35,1,0,0,0
SKU5,23/08/20,40956,50%,0,0,0,-19.41,1,0,0,0
SKU5,30/08/20,7271,4%,1,0,0,-18.83,1,0,0,0
SKU5,06/09/20,20715,38%,0,0,0,-16.44,1,0,0,0
SKU5,13/09/20,6975,2%,0,0,0,-7.28,1,0,0,0
SKU5,20/09/20,7231,1%,0,0,0,-9.87,1,0,0,0
SKU5,27/09/20,7236,1%,0,0,0,-7.79,1,0,0,0
SKU5,04/10/20,7525,1%,0,1,0,-9.73,1,0,0,0
SKU5,11/10/20,36651,50%,1,0,1,-7.39,1,0,0,0
SKU5,18/10/20,19436,38%,1,0,0,-7.56,1,0,0,0
SKU5,25/10/20,19392,38%,0,1,0,-8.39,1,0,0,0
SKU5,01/11/20,32410,50%,0,0,0,-7.43,1,0,0,0
SKU5,08/11/20,6887,5%,0,0,0,-5.95,1,0,0,0
SKU5,15/11/20,6059,1%,1,0,0,-7.2,1,0,0,0
SKU5,22/11/20,0,38%,1,0,0,-5.96,1,0,0,0
SKU5,29/11/20,0,28%,0,0,0,-5.3,1,0,0,0
SKU5,06/12/20,0,27%,1,0,0,-4.38,1,0,0,0
SKU5,13/12/20,0,25%,1,0,0,-4.74,1,0,0,0
SKU5,20/12/20,0,21%,1,0,0,-10.27,1,0,0,1
SKU5,27/12/20,0,23%,0,0,0,-6.95,1,0,0,0
SKU6,05/02/17,32138,28%,0,0,0,0,0,0,0,0
SKU6,12/02/17,11659,5%,0,0,0,0,0,1,0,0
SKU6,19/02/17,12140,5%,1,0,1,0,0,0,0,0
SKU6,26/02/17,29635,28%,0,0,0,0,0,0,0,0
SKU6,05/03/17,11666,5%,0,1,1,0,0,0,0,0
SKU6,12/03/17,118504,53%,1,0,1,0,0,0,0,0
SKU6,19/03/17,32530,30%,1,0,1,0,0,0,0,0
SKU6,26/03/17,28821,28%,0,0,0,0,0,0,0,0
SKU6,02/04/17,11595,5%,0,1,0,0,0,0,0,0
SKU6,09/04/17,29675,28%,0,0,0,0,0,0,1,0
SKU6,16/04/17,9508,5%,0,1,0,0,0,0,0,0
SKU6,23/04/17,21203,28%,0,1,1,0,0,0,0,0
SKU6,30/04/17,27228,28%,1,0,0,0,0,0,0,0
SKU6,07/05/17,28788,28%,1,0,1,0,0,0,0,0
SKU6,14/05/17,29511,28%,0,1,0,0,0,0,0,0
SKU6,21/05/17,32898,28%,1,0,1,0,0,0,0,0
SKU6,28/05/17,28847,28%,0,1,1,0,0,0,0,0
SKU6,04/06/17,142953,53%,1,0,1,0,0,0,0,0
SKU6,11/06/17,27682,30%,0,0,0,0,0,0,0,0
SKU6,18/06/17,12779,5%,1,0,1,0,0,0,0,0
SKU6,25/06/17,31805,28%,0,1,1,0,0,0,0,0
SKU6,02/07/17,131072,53%,1,0,1,0,0,0,0,0
SKU6,09/07/17,29081,28%,0,1,1,0,0,0,0,0
SKU6,16/07/17,37630,28%,1,0,1,0,0,0,0,0
SKU6,23/07/17,30212,28%,1,0,1,0,0,0,0,0
SKU6,30/07/17,33159,28%,0,1,1,0,0,0,0,0
SKU6,06/08/17,118276,53%,1,0,1,0,0,0,0,0
SKU6,13/08/17,33809,28%,0,1,1,0,0,0,0,0
SKU6,20/08/17,47551,38%,1,0,1,0,0,0,0,0
SKU6,27/08/17,33724,28%,0,0,0,0,0,0,0,0
SKU6,03/09/17,15134,5%,0,0,0,0,0,0,0,0
SKU6,10/09/17,14540,5%,1,0,0,0,0,0,0,0
SKU6,17/09/17,36254,28%,0,1,1,0,0,0,0,0
SKU6,24/09/17,129254,53%,0,0,0,0,0,0,0,0
SKU6,01/10/17,14692,9%,1,0,0,0,0,0,0,0
SKU6,08/10/17,44595,38%,1,0,0,0,0,0,0,0
SKU6,15/10/17,42541,28%,0,1,1,0,0,0,0,0
SKU6,22/10/17,154098,53%,0,1,1,0,0,0,0,0
SKU6,29/10/17,241114,53%,1,0,0,0,0,0,0,0
SKU6,05/11/17,34976,28%,1,0,1,0,0,0,0,0
SKU6,12/11/17,42047,38%,1,0,1,0,0,0,0,0
SKU6,19/11/17,32668,28%,0,1,0,0,0,0,0,0
SKU6,26/11/17,44779,38%,1,0,1,0,0,0,0,0
SKU6,03/12/17,42982,38%,1,0,0,0,0,0,0,1
SKU6,10/12/17,41175,28%,0,0,0,0,0,0,0,0
SKU6,17/12/17,14744,7%,0,0,0,0,0,0,0,0
SKU6,24/12/17,13862,5%,1,0,1,0,0,0,0,0
SKU6,31/12/17,19735,28%,0,0,0,0,0,0,0,0
SKU6,07/01/18,9047,7%,0,1,0,0,0,0,0,0
SKU6,14/01/18,38639,38%,0,0,0,0,0,0,0,0
SKU6,21/01/18,10629,7%,1,0,1,0,0,0,0,0
SKU6,28/01/18,41994,38%,0,0,0,0,0,0,0,0
SKU6,04/02/18,12099,7%,1,0,1,0,0,0,0,0
SKU6,11/02/18,38384,38%,0,0,0,0,0,1,0,0
SKU6,18/02/18,11298,5%,0,0,0,0,0,0,0,0
SKU6,25/02/18,12358,5%,1,0,1,0,0,0,0,0
SKU6,04/03/18,35011,38%,0,1,1,0,0,0,0,0
SKU6,11/03/18,110490,53%,1,0,1,0,0,0,0,0
SKU6,18/03/18,34761,38%,0,0,0,0,0,0,0,0
SKU6,25/03/18,11969,5%,1,0,1,0,0,0,0,0
SKU6,01/04/18,26184,38%,0,0,0,0,0,0,0,0
SKU6,08/04/18,8121,5%,1,0,1,0,0,0,1,0
SKU6,15/04/18,31617,38%,0,0,0,0,0,0,0,0
SKU6,22/04/18,11202,5%,1,0,1,0,0,0,0,0
SKU6,29/04/18,32640,38%,1,0,0,0,0,0,0,0
SKU6,06/05/18,11884,7%,1,0,0,0,0,0,0,0
SKU6,13/05/18,12072,5%,0,1,0,0,0,0,0,0
SKU6,20/05/18,43299,38%,1,0,0,0,0,0,0,0
SKU6,27/05/18,44324,38%,0,1,1,0,0,0,0,0
SKU6,03/06/18,128647,53%,1,0,0,0,0,0,0,0
SKU6,10/06/18,34861,30%,1,0,0,0,0,0,0,0
SKU6,17/06/18,38287,38%,0,0,0,0,0,0,0,0
SKU6,24/06/18,14182,7%,1,0,0,0,0,0,0,0
SKU6,01/07/18,45147,38%,0,0,0,0,0,0,0,0
SKU6,08/07/18,14632,5%,0,1,1,0,0,0,0,0
SKU6,15/07/18,107913,53%,1,0,1,0,0,0,0,0
SKU6,22/07/18,31895,30%,1,0,1,0,0,0,0,0
SKU6,29/07/18,39265,38%,0,0,0,0,0,0,0,0
SKU6,05/08/18,15446,5%,0,1,0,0,0,0,0,0
SKU6,12/08/18,46285,38%,0,0,0,0,0,0,0,0
SKU6,19/08/18,15026,5%,1,0,1,0,0,0,0,0
SKU6,26/08/18,41251,38%,0,0,0,0,0,0,0,0
SKU6,02/09/18,13210,5%,0,1,0,0,0,0,0,0
SKU6,09/09/18,41151,38%,0,0,0,0,0,0,0,0
SKU6,16/09/18,14818,7%,0,1,1,0,0,0,0,0
SKU6,23/09/18,127468,53%,1,0,1,0,0,0,0,0
SKU6,30/09/18,27569,30%,1,0,0,0,0,0,0,0
SKU6,07/10/18,51275,38%,1,0,0,0,0,0,0,0
SKU6,14/10/18,44702,28%,0,1,0,0,0,0,0,0
SKU6,21/10/18,140995,53%,1,0,0,0,0,0,0,0
SKU6,28/10/18,181833,53%,1,0,1,0,0,0,0,0
SKU6,04/11/18,105995,48%,1,0,1,0,0,0,0,0
SKU6,11/11/18,25456,28%,0,1,0,0,0,0,0,0
SKU6,18/11/18,40660,38%,1,0,1,0,0,0,0,0
SKU6,25/11/18,25478,28%,0,1,1,0,0,0,0,0
SKU6,02/12/18,39116,38%,0,0,0,0,0,0,0,1
SKU6,09/12/18,12783,7%,0,1,0,0,0,0,0,0
SKU6,16/12/18,38557,38%,0,1,0,0,0,0,0,0
SKU6,23/12/18,33821,38%,0,1,0,0,0,0,0,0
SKU6,30/12/18,7158,13%,0,0,0,0,0,0,0,0
SKU6,06/01/19,7148,7%,0,1,1,0,0,0,0,0
SKU6,13/01/19,26272,38%,0,0,0,0,0,0,0,0
SKU6,20/01/19,8741,7%,0,1,0,0,0,0,0,0
SKU6,27/01/19,32245,38%,0,0,0,0,0,0,0,0
SKU6,03/02/19,10101,7%,0,1,0,0,0,0,0,0
SKU6,10/02/19,37295,38%,0,0,0,0,0,1,0,0
SKU6,17/02/19,11422,7%,1,0,1,0,0,0,0,0
SKU6,24/02/19,20031,28%,0,0,0,0,0,0,0,0
SKU6,03/03/19,9715,5%,1,0,1,0,0,0,0,0
SKU6,10/03/19,21482,28%,0,0,0,0,0,0,0,0
SKU6,17/03/19,10329,5%,0,1,1,0,0,0,0,0
SKU6,24/03/19,112451,53%,1,0,1,0,0,0,0,0
SKU6,31/03/19,23003,30%,1,0,0,0,0,0,0,0
SKU6,07/04/19,33932,38%,0,0,0,0,0,0,1,0
SKU6,14/04/19,8850,7%,1,0,1,0,0,0,0,0
SKU6,21/04/19,19724,38%,0,0,0,0,0,0,0,0
SKU6,28/04/19,6545,7%,1,0,1,0,0,0,0,0
SKU6,05/05/19,21279,38%,0,0,0,0,0,0,0,0
SKU6,12/05/19,9373,5%,0,1,1,0,0,0,0,0
SKU6,19/05/19,86119,53%,1,0,1,0,0,0,0,0
SKU6,26/05/19,27378,40%,0,1,1,0,0,0,0,0
SKU6,02/06/19,34735,38%,0,0,0,0,0,0,0,0
SKU6,09/06/19,10571,7%,1,0,1,0,0,0,0,0
SKU6,16/06/19,26709,38%,1,0,1,0,0,0,0,0
SKU6,23/06/19,24578,28%,0,1,0,0,0,0,0,0
SKU6,30/06/19,38589,38%,0,0,0,0,0,0,0,0
SKU6,07/07/19,11271,7%,0,1,0,0,0,0,0,0
SKU6,14/07/19,103831,53%,1,0,1,0,0,0,0,0
SKU6,21/07/19,26567,30%,0,1,0,0,0,0,0,0
SKU6,28/07/19,37663,38%,1,0,0,0,0,0,0,0
SKU6,04/08/19,13397,5%,0,1,1,0,0,0,0,0
SKU6,11/08/19,40295,38%,1,0,0,0,0,0,0,0
SKU6,18/08/19,13056,5%,1,0,0,0,0,0,0,0
SKU6,25/08/19,36294,38%,0,0,0,0,0,0,0,0
SKU6,01/09/19,12320,7%,0,1,0,0,0,0,0,0
SKU6,08/09/19,42182,38%,0,0,0,0,0,0,0,0
SKU6,15/09/19,12848,7%,0,1,1,0,0,0,0,0
SKU6,22/09/19,103617,53%,1,0,1,0,0,0,0,0
SKU6,29/09/19,23973,30%,0,1,0,0,0,0,0,0
SKU6,06/10/19,39082,38%,1,0,0,0,0,0,0,0
SKU6,13/10/19,50881,38%,0,1,0,0,0,0,0,0
SKU6,20/10/19,138789,53%,0,1,0,0,0,0,0,0
SKU6,27/10/19,143887,53%,0,1,1,0,0,0,0,0
SKU6,03/11/19,163536,53%,1,0,1,0,0,0,0,0
SKU6,10/11/19,29842,28%,1,0,1,0,0,0,0,0
SKU6,17/11/19,36323,38%,0,0,0,0,0,0,0,0
SKU6,24/11/19,26587,28%,0,1,0,0,0,0,0,0
SKU6,01/12/19,40726,38%,0,0,0,0,0,0,0,1
SKU6,08/12/19,13056,7%,0,0,0,0,0,0,0,0
SKU6,15/12/19,14398,5%,0,0,0,0,0,0,0,0
SKU6,22/12/19,16213,5%,0,0,0,0,0,0,0,0
SKU6,29/12/19,6067,5%,0,0,0,0,0,0,0,0
SKU6,05/01/20,7314,53%,1,0,1,0,0,0,0,0
SKU6,12/01/20,27657,69%,0,0,0,0,0,0,0,0
SKU6,19/01/20,9984,53%,1,0,1,0,0,0,0,0
SKU6,26/01/20,30336,69%,0,0,0,0,0,0,0,0
SKU6,02/02/20,9831,54%,1,0,1,0,0,0,0,0
SKU6,09/02/20,32102,69%,1,0,0,2.36,1,0,0,0
SKU6,16/02/20,10955,53%,1,0,1,3.3,1,1,0,0
SKU6,23/02/20,24330,69%,0,0,0,3.9,1,0,0,0
SKU6,01/03/20,9934,53%,1,0,1,3.81,1,0,0,0
SKU6,08/03/20,24731,69%,0,0,0,3.01,1,0,0,0
SKU6,15/03/20,11742,53%,1,0,0,0.26,1,0,0,0
SKU6,22/03/20,20879,69%,0,0,0,-15.7,1,0,0,0
SKU6,29/03/20,11874,53%,0,0,0,-26.63,1,0,0,0
SKU6,05/04/20,9705,53%,0,0,0,-28.49,1,0,0,0
SKU6,12/04/20,6756,53%,1,0,0,-27.3,1,0,1,0
SKU6,19/04/20,16926,64%,0,0,0,-24.28,1,0,0,0
SKU6,26/04/20,7726,53%,0,0,0,-22.58,1,0,0,0
SKU6,03/05/20,8302,50%,0,0,0,-18.18,1,0,0,0
SKU6,10/05/20,7924,0%,0,0,0,-15.91,1,0,0,0
SKU6,17/05/20,63725,49%,0,0,0,-15.27,1,0,0,0
SKU6,24/05/20,23969,65%,0,0,0,-13.24,1,0,0,0
SKU6,31/05/20,29202,64%,0,0,0,-10.86,1,0,0,0
SKU6,07/06/20,11104,2%,1,0,1,-10.13,1,0,0,0
SKU6,14/06/20,24753,30%,0,0,0,-8.68,1,0,0,0
SKU6,21/06/20,11518,13%,1,0,1,-8.57,1,0,0,0
SKU6,28/06/20,29560,33%,0,0,0,-7.5,1,0,0,0
SKU6,05/07/20,12577,21%,1,0,1,-8.04,1,0,0,0
SKU6,12/07/20,27671,42%,0,0,0,-9.36,1,0,0,0
SKU6,19/07/20,8670,29%,1,0,0,-8.77,1,0,0,0
SKU6,26/07/20,24698,44%,1,0,1,-9.93,1,0,0,0
SKU6,02/08/20,69799,55%,1,0,1,-11.65,1,0,0,0
SKU6,09/08/20,26276,44%,0,0,0,-13.23,1,0,0,0
SKU6,16/08/20,7722,29%,1,0,1,-20.35,1,0,0,0
SKU6,23/08/20,16009,45%,0,0,0,-19.41,1,0,0,0
SKU6,30/08/20,8158,29%,0,1,0,-18.83,1,0,0,0
SKU6,06/09/20,29805,44%,0,0,0,-16.44,1,0,0,0
SKU6,13/09/20,8164,29%,0,1,1,-7.28,1,0,0,0
SKU6,20/09/20,80769,54%,1,0,1,-9.87,1,0,0,0
SKU6,27/09/20,21692,44%,1,0,1,-7.79,1,0,0,0
SKU6,04/10/20,23072,44%,1,0,1,-9.73,1,0,0,0
SKU6,11/10/20,42044,44%,0,1,0,-7.39,1,0,0,0
SKU6,18/10/20,96619,54%,0,1,0,-7.56,1,0,0,0
SKU6,25/10/20,115798,52%,0,1,0,-8.39,1,0,0,0
SKU6,01/11/20,152186,54%,1,0,1,-7.43,1,0,0,0
SKU6,08/11/20,26445,44%,1,0,1,-5.95,1,0,0,0
SKU6,15/11/20,26414,44%,0,0,0,-7.2,1,0,0,0